epoch,accuracy,auc,loss,pr_auc,precision,recall,val_accuracy,val_auc,val_loss,val_pr_auc,val_precision,val_recall
0,0.4861878454685211,0.5232657194137573,0.7180307507514954,0.49347227811813354,0.46000000834465027,0.2584269642829895,0.42222222685813904,0.5060728788375854,0.6931049227714539,0.5799124240875244,0.0,0.0
1,0.5469613075256348,0.5986199378967285,0.69809889793396,0.5415703058242798,0.5538461804389954,0.40449437499046326,0.42222222685813904,0.5323886871337891,0.6933673620223999,0.596001386642456,0.0,0.0
